"ID","Group","Feature_1","Feature_2","Feature_3"
"ID001","A",2386.07835635141,392.810299359107,5185.29088310236
"ID002","C",2487.31703598943,406.921928730665,-2077.71742072032
"ID003","B",1998.43219330488,422.280924983984,3971.39709074919
"ID004","C",2226.54936917812,396.230729781495,-1828.59187718095
"ID005","B",2359.49007465268,385.996294083237,4717.3599281942
"ID006","C",2588.76894188285,425.980435408388,-2156.28295094443
"ID007","C",2223.54972951149,393.691502829891,-1823.02381187902
"ID008","C",2670.33454629855,381.493212390444,-2293.22795976114
"ID009","C",2180.33954305395,397.500100606855,-1769.44606583269
"ID010","A",2497.44266733393,405.116474549319,5486.94797041966
"ID011","B",2425.02194572993,415.428376870595,4849.40626048758
"ID012","A",2123.96730989281,402.513424397767,4348.0722565099
"ID013","A",2499.25917853851,423.436693796374,5377.45171872674
"ID014","C",2264.41830333447,422.333739951427,-1842.50050794706
"ID015","C",3010.84406575357,410.975626258814,-2602.52158179755
"ID016","B",1932.80769634502,392.874505581036,3876.20118220715
"ID017","A",2464.98555679805,418.633065421446,5308.48635461385
"ID018","B",2417.25839019177,399.969834569556,4831.93379607625
"ID019","A",2635.08372889098,374.386467650744,6046.20147365673
"ID020","C",2227.56302990255,381.804763731916,-1860.12932512919
"ID021","B",2329.02385103375,391.370352770845,4652.69223324463
"ID022","C",2518.86067194889,404.985474235613,-2133.37412587797
"ID023","B",2583.08052934513,402.659580635983,5189.17891826322
"ID024","A",2143.0970817077,390.223955515782,4483.36951250477
"ID025","B",2472.2798622508,388.235374958581,4957.06590068472
"ID026","C",2306.05311038416,408.257046668211,-1898.78693234702
"ID027","B",2742.84195688534,390.40206656903,5494.52251519405
"ID028","B",2792.05056192909,398.991220410478,5592.19723569354
"ID029","C",2352.46906468652,384.351896079052,-1977.52408070588
"ID030","C",2558.73544787559,370.49352932692,-2187.38199397101
"ID031","B",2399.56966109357,375.151579589919,4812.3141040357
"ID032","A",2513.07006206366,377.419489530383,5653.32545162483
"ID033","B",2515.37508995045,403.216451019167,4999.10884684822
"ID034","A",2267.95161107333,415.277690761012,4727.62113765572
"ID035","A",2110.76359255005,392.608083359879,4371.737644874
"ID036","A",2749.74765463812,406.397810682561,6226.88146839818
"ID037","B",2039.65666910559,393.589659778082,4093.69432909691
"ID038","B",2712.39376213365,421.973068472643,5436.77765049605
"ID039","C",2527.54048757038,384.828181545139,-2165.00611832539
"ID040","B",2031.1881324243,396.151530778438,4062.18854473688
"ID041","C",2549.83809776746,411.925310573642,-2162.15266986567
"ID042","A",2954.22824627947,422.083722684836,6738.96803774495
"ID043","B",2805.09817757627,403.866168877427,5620.36557064072
"ID044","C",2586.24986872648,400.102559679121,-2194.81390781888
"ID045","B",2945.13455795798,402.257897062232,5889.00238643815
"ID046","C",2695.55112054307,391.129542301141,-2312.18103864099
"ID047","C",2556.16337471577,400.079713763663,-2170.25064050167
"ID048","A",2379.00626371701,383.967867785281,5232.18246012917
"ID049","B",2296.09452508183,390.871563457726,4602.54266804949
"ID050","A",2952.154944937,420.609157775422,6751.36718605424
"ID051","C",2381.09707555435,374.035027243156,-2001.23618513747
"ID052","C",2924.52080930971,384.470885799441,-2557.73608281453
"ID053","B",1999.24677639505,395.157220431605,4000.31609283149
"ID054","A",3061.00581972995,401.030394076626,7181.66303993088
"ID055","B",2097.61381663004,393.61738026189,4194.63082540131
"ID056","B",2794.28558084906,412.505525201527,5598.11850672171
"ID057","C",2620.23896699899,413.975034581364,-2192.81368169547
"ID058","C",2202.84791437516,404.311146734206,-1779.02405357308
"ID059","A",2486.46393711427,390.8028763057,5492.89309044687
"ID060","C",2123.84533718784,410.363659358623,-1737.61896526228
"ID061","A",1867.46292779844,408.16087224577,3555.21536870893
"ID062","C",2423.95928146042,409.27177575623,-2048.14896704333
"ID063","C",2687.13043036093,389.292544327188,-2306.63052003251
"ID064","B",2780.31602145066,426.264272103627,5565.48743414394
"ID065","C",1975.14701580581,382.195666709381,-1594.99180578355
"ID066","C",2813.5825139104,405.497794557469,-2399.20183896257
"ID067","B",2890.60798590893,396.685216527004,5775.59421748162
"ID068","B",2346.31082356906,376.113648786029,4705.28615149907
"ID069","C",2257.79451495677,400.265443247793,-1842.92044146255
"ID070","C",2909.03597791904,386.069181304731,-2520.59153241619
"ID071","B",1819.70697682852,417.411800597277,3612.30649931873
"ID072","A",2054.68928474281,401.167630438063,4187.01757843993
"ID073","A",2713.36186723698,405.148535780024,6110.32929836553
"ID074","C",2561.77234948451,380.462127930798,-2195.72873640496
"ID075","C",2398.68222216361,395.099896671091,-2033.52060436489
"ID076","C",2650.55952058235,393.631986459195,-2252.46966607505
"ID077","A",1914.75389838863,396.691564617904,3756.67418980874
"ID078","B",2815.02504639308,427.195683319298,5618.54576625046
"ID079","B",2850.21305655383,413.816798287147,5696.70086459398
"ID080","C",2395.11882183516,416.303141176011,-1992.40283124298
"ID081","A",2605.2601390237,397.711227800857,5822.906041528
"ID082","A",2781.39463130822,411.420617921629,6285.45666696689
"ID083","B",2939.08774993147,398.919905660194,5883.75736779456
"ID084","B",2523.03853563107,403.025966790227,5052.89148940969
"ID085","A",2656.33588506014,387.349359010618,6031.01522422344
"ID086","C",2651.17792691279,389.910631148592,-2251.10539439309
"ID087","A",2890.01810492257,382.866896991681,6763.53251986631
"ID088","B",2822.0273322999,409.883495902692,5624.23900623741
"ID089","C",2393.02721539534,407.33647293382,-1986.449660283
"ID090","C",2703.85180833188,400.210138859271,-2290.09253894732
"ID091","B",2565.60587368261,388.978488965771,5130.56113394514
"ID092","A",2770.18599422261,397.758228534591,6335.59189696432
"ID093","B",2262.76395941969,389.002541341973,4535.42644743691
"ID094","C",2691.68360781164,396.300850017453,-2307.30261230276
"ID095","A",2331.52848063733,408.603399187141,4948.53643468742
"ID096","A",2873.77227028747,401.63883504535,6599.96008274582
"ID097","B",2283.79879122224,385.466152537892,4543.84835196389
"ID098","A",2106.39583801538,394.920897597745,4358.19578749849
"ID099","A",3139.43442105502,390.29393952052,7471.35747975028
"ID100","B",2256.26923237088,419.315660222499,4514.66384284626
"ID101","A",2385.61038962439,374.661436930683,5286.35161391207
"ID102","C",2313.28811491969,396.506879665043,-1953.30762898915
"ID103","A",2140.70747440886,406.281580471465,4386.2830625967
"ID104","C",1893.24476594402,395.104071551282,-1506.10126629047
"ID105","C",2909.55224763052,389.750185492452,-2517.10897658604
"ID106","A",2210.87268974021,414.226079082008,4564.64243476834
"ID107","A",2743.7419371659,440.317454813356,6039.31236811571
"ID108","A",2654.29685167594,398.131684151074,5973.75951308508
"ID109","B",2288.28614744476,384.90558793424,4574.01740470289
"ID110","A",2221.04343945327,403.251844942057,4620.5921572457
"ID111","A",2104.84829558603,384.32590535226,4385.1314876372
"ID112","A",2661.66419738068,390.263897575454,6030.26390595382
"ID113","B",2540.53404146336,400.423420070189,5058.33794340789
"ID114","A",2777.61071757647,394.656401194469,6368.46411143455
"ID115","C",2693.86354335182,393.696827067722,-2279.1767428785
"ID116","C",2418.68128241379,383.016244705282,-2046.44439444686
"ID117","A",2578.27966446802,399.635932183049,5749.70086005066
"ID118","C",2305.93695146688,383.140182887225,-1923.56846177718
"ID119","A",2810.54566422874,430.69443594572,6294.84498781632
"ID120","B",2687.99766098619,415.149319569196,5372.66723687778
"ID121","A",2119.02494009708,394.414336952068,4383.62567770896
"ID122","C",1819.49342621929,388.623952305686,-1447.96345555371
"ID123","A",2078.27192307831,419.412004275068,4143.13861738519
"ID124","A",2601.20767834553,397.147761501159,5817.92406473001
"ID125","C",2644.93595917475,396.815577499946,-2241.77377049332
"ID126","B",2467.57987616841,391.402988747199,4947.478066579
"ID127","C",2347.14587106494,418.135918440925,-1926.97425808647
"ID128","C",3295.37095699837,389.94548045959,-2910.05069229943
"ID129","C",2213.331778231,397.219390380599,-1828.75063235253
"ID130","A",2629.48376026482,407.727764881527,5881.31829308332
"ID131","B",2594.38923847819,425.636768222123,5183.19702429417
"ID132","A",2690.50753113905,406.27030312627,6048.38473457094
"ID133","C",2361.35610585206,402.262283386842,-1968.22836591079
"ID134","C",2457.35550767488,406.307490610702,-2051.75700466632
"ID135","B",2269.96488325814,418.304640536711,4541.10954721829
"ID136","B",2771.57848059789,397.556849733445,5523.50019331438
"ID137","A",2907.26688833873,408.582842145943,6701.99290161621
"ID138","C",2861.82634235948,392.07043710708,-2463.99623582268
"ID139","B",2413.73936200888,391.214744669611,4821.64243680697
"ID140","C",2084.45710948072,383.864862640087,-1689.24584012742
"ID141","B",1921.65487708026,394.893986951782,3856.01956148191
"ID142","B",2294.58378748131,407.707978618286,4591.5199093746
"ID143","C",2599.9699122335,395.232645347507,-2218.42903040492
"ID144","C",2117.15779183991,378.156299446671,-1730.6555779361
"ID145","A",2225.76345016886,409.517306167627,4633.93464248801
"ID146","A",2318.29632272347,417.787212840095,4861.15306365918
"ID147","C",2644.24169322466,370.229244253373,-2264.01438008604
"ID148","B",2874.5817497692,382.181189169509,5743.66430737215
"ID149","B",2754.99331482933,419.396411312948,5503.57849670628
"ID150","A",2295.00463006726,392.837970606761,4921.89078075333
"ID151","A",2754.41962803652,405.759816729791,6252.93642760215
"ID152","A",2713.83001555395,386.585062397954,6208.62864347863
"ID153","A",2799.39619966311,372.33707179229,6532.88419555386
"ID154","A",2862.58288070268,402.056518121811,6577.82990824355
"ID155","C",2436.30589336284,389.902904793576,-2051.35291702937
"ID156","C",2206.76082706168,383.375026729947,-1805.73345533184
"ID157","A",2930.7331136205,418.224134684245,6704.8686635998
"ID158","B",2426.15429061423,402.942768733413,4854.5794159677
"ID159","B",2578.48106310548,416.67129815268,5161.14597029456
"ID160","B",2533.55618725278,442.140335838599,5069.43139050478
"ID161","C",2509.02860759822,394.437182305939,-2112.13694415722
"ID162","A",2647.43983279022,393.096145439197,5952.39021912696
"ID163","B",2554.48054404168,391.568389395113,5115.39888041628
"ID164","B",2167.45097113737,408.039619978917,4333.09578643737
"ID165","B",2612.04814200817,419.871272371866,5240.07048660861
"ID166","A",2565.79437036919,394.650874674822,5712.57862143276
"ID167","B",2353.57427959478,395.818913602515,4708.48790591312
"ID168","B",2572.11324315243,398.188078861292,5143.79622849047
"ID169","C",2105.20782292874,412.255308850425,-1698.58807618916
"ID170","C",1961.25781514496,383.681590164647,-1578.15913556592
"ID171","A",2615.67726964,401.949813809418,5847.81350112173
"ID172","C",3075.16093422945,408.704902139819,-2679.92288550192
"ID173","A",2075.02995720909,402.547862993607,4200.28543861271
"ID174","A",2229.73461353538,381.611285497462,4783.40022990478
"ID175","C",2640.49705273536,399.437899573424,-2242.45239051318
"ID176","A",2702.4679315495,421.657138719529,5997.94959506289
"ID177","C",2571.85477217927,397.998693724406,-2168.5491352401
"ID178","A",2184.95259580651,397.132405816213,4562.15049612741
"ID179","A",1834.37826322411,408.515125942554,3437.60460897652
"ID180","A",3326.95655490701,396.058140971706,8005.62895731222
"ID181","A",2521.31137999337,404.236907697475,5526.5688926227
"ID182","B",3060.91208239784,419.974166909207,6117.1170767651
"ID183","B",2597.79208818392,388.172315022134,5178.76434100994
"ID184","A",2254.58485164014,415.125041576501,4683.95456659865
"ID185","A",2440.73584142733,395.271422554395,5347.15701683492
"ID186","A",2387.44401544379,411.173021347874,5089.19242525449
"ID187","C",2762.76732338293,391.943211497539,-2373.28487059898
"ID188","C",2615.2711822539,399.906964385957,-2242.6346426933
"ID189","B",2391.27345075521,388.77429480384,4778.53715855582
"ID190","B",2445.95553163474,396.100456562667,4881.63431199491
"ID191","A",2645.85853331007,416.395289416885,5859.50693412995
"ID192","A",2367.7912411776,407.138755634401,5077.98876332365
"ID193","B",2458.07268546805,423.101675535067,4925.47733811844
"ID194","A",2250.92083192452,401.314633819548,4765.55012393724
"ID195","B",3225.73479584109,393.765797231933,6461.10674054867
"ID196","B",2203.59939235097,384.793217458121,4414.14879592163
"ID197","B",2660.02310498006,392.514551429711,5296.98436052979
"ID198","B",2701.50495749869,405.168523456826,5400.0136436481
"ID199","A",2384.61052597179,403.937282965655,5144.34252068094
"ID200","C",2377.30867742001,390.424611718593,-1970.43198394854
"ID201","A",2002.49147788109,415.70114770102,3928.98064420318
"ID202","A",2882.90843207692,373.805663305163,6785.34390015515
"ID203","B",2672.02813845875,400.54189327844,5335.70430277787
"ID204","B",2483.25483022167,385.170903927758,4956.4915195593
"ID205","A",2300.3570118246,416.133950240551,4815.04262354858
"ID206","A",2465.25892230482,394.399925900869,5437.5947254689
"ID207","B",1761.86649335899,368.656436807623,3552.39795805923
"ID208","C",2470.26451362574,389.333953685792,-2067.72761911346
"ID209","C",2338.43985163336,402.160294479311,-1928.66402576328
"ID210","C",2320.29879979692,423.200296578857,-1899.45321092932
"ID211","A",2257.59711134424,405.992075964618,4738.56378803999
"ID212","C",2687.36273835802,413.687770414005,-2271.25297629978
"ID213","C",2562.1465965034,404.884010306502,-2167.01966192684
"ID214","B",2689.09404891868,384.570087388616,5386.5033969454
"ID215","C",1959.51102350022,401.920134237281,-1553.13381864377
"ID216","A",2068.2139050125,397.802732018726,4206.14794632788
"ID217","A",2413.05947657691,385.189253410421,5313.53274160313
"ID218","B",2494.87311268117,410.714287789855,5002.77094613814
"ID219","C",2367.98927318768,420.96844248925,-1957.95618554551
"ID220","C",2692.34140994927,384.766587784764,-2291.91625578096
"ID221","B",2504.75805656961,413.227210842529,5007.8165283032
"ID222","C",2722.58889710023,417.249514561309,-2291.55326329212
"ID223","A",2709.07604725104,401.094164892196,6127.3757927615
"ID224","A",1369.0775180886,380.796385054519,2205.51756698852
"ID225","C",2841.76929429818,359.649191921764,-2481.42721159342
"ID226","B",2433.81498474235,401.558479653925,4850.24648258007
"ID227","C",2573.69660958951,383.851866755561,-2195.35277001771
"ID228","A",2306.14698296357,401.336057804099,4915.84039861018
"ID229","C",2474.28494831634,401.279197598527,-2069.21319884069
"ID230","C",2405.1427360908,434.704961650795,-1975.08306096846
"ID231","B",2408.01003529823,385.820057415215,4825.15309433096
"ID232","C",2538.77732324597,392.428212924656,-2143.30966648295
"ID233","B",2854.85525447213,399.997637795537,5697.84700292138
"ID234","B",2479.63731338987,377.077267743021,4974.17721190601
"ID235","B",2389.4177062276,416.198700180139,4786.25928993817
"ID236","A",2964.33212875621,395.902599168175,6916.80616394502
"ID237","C",2746.37296290745,409.289221347167,-2340.47238646971
"ID238","B",3327.65560072595,399.357469409946,6644.28181954094
"ID239","B",2200.45320442268,398.806943322088,4398.43888110471
"ID240","B",2912.36740367816,406.099991514263,5827.72832377488
"ID241","C",2063.40569683775,390.714269634005,-1677.10652740474
"ID242","A",3023.94435948324,407.67647960359,7035.73117998891
"ID243","C",2777.09784374419,400.073287791945,-2379.15506093375
"ID244","C",2272.43485083837,413.547124143408,-1871.71034670256
"ID245","A",2993.96883456165,400.224967905554,6974.84338205505
"ID246","B",3255.27050405809,401.058950623511,6512.93689562991
"ID247","A",2170.36763895706,399.507415214393,4513.43517747402
"ID248","B",3035.52553488742,407.450426881405,6059.27308748393
"ID249","B",2651.94716373161,378.049486782506,5299.25194201686
"ID250","B",2553.51636160919,396.994250993449,5110.56352121712
"ID251","B",2250.4041369926,417.866898538385,4508.45783201166
"ID252","A",2682.86043106928,411.613457949965,5985.69190769141
"ID253","A",2868.66673786611,371.994960573116,6744.16352592428
"ID254","C",2877.19591085638,414.354864645104,-2451.98571891663
"ID255","B",2600.23695611748,418.101165487477,5186.34692332001
"ID256","B",3238.59674322426,407.065619903152,6484.10066960308
"ID257","C",2456.67972498651,386.713583534916,-2088.23227701565
"ID258","C",2322.03917542823,391.977829275476,-1947.29463816363
"ID259","B",2685.21018831981,372.462750631893,5382.12249535727
"ID260","C",2675.87597230904,383.592926297717,-2295.0679950367
"ID261","C",2517.76469654609,424.231700393679,-2090.24369841465
"ID262","A",2312.11711793912,425.807608926619,4799.70185205865
"ID263","B",2417.00708668394,428.034070532294,4814.06594608269
"ID264","C",2681.10535839368,407.126165536361,-2271.63418411673
"ID265","C",2936.16209714123,410.390205324236,-2507.02068415317
"ID266","B",2446.08683181256,433.10315585037,4897.5085668288
"ID267","B",2162.45501446205,391.603717097871,4325.22000827568
"ID268","A",2787.74643508865,403.244387892051,6325.73890858502
"ID269","A",2296.66993364217,413.569601460428,4818.41838950381
"ID270","A",2819.56452013014,414.68003852949,6382.75639914231
"ID271","A",2322.50454077794,400.435808455111,4956.74497076264
"ID272","A",2572.05019228216,395.442514216371,5735.12276378135
"ID273","C",2540.72580168282,404.609704362957,-2127.95538810976
"ID274","C",2204.69344161873,421.010801316009,-1798.96676080502
"ID275","A",2419.4519852575,399.812959567287,5262.05062227163
"ID276","B",2384.64465799783,397.871229379478,4768.25851075749
"ID277","B",2677.8586757795,399.139434059329,5366.3825560272
"ID278","C",2019.66140124663,388.23193822142,-1632.94105582288
"ID279","A",2350.67038775689,400.046266023558,5062.65106189315
"ID280","B",2247.55080603874,404.048003273938,4485.01217790535
"ID281","B",2339.33466229792,390.445212742525,4668.78032419825
"ID282","C",2292.38655009992,408.796569190544,-1904.47263560931
"ID283","B",2075.53529729538,406.810936256336,4142.9218680869
"ID284","A",2435.10657443097,434.068946371353,5137.19000743296
"ID285","B",2236.98771819784,409.986279863789,4461.14142079505
"ID286","B",2633.86505518708,443.799005307143,5262.0110282516
"ID287","B",3001.83042705213,400.896667044648,6009.85221435113
"ID288","A",2494.31502858981,404.685546980563,5460.00872460594
"ID289","A",3016.86527421785,423.142628494238,6949.43331197381
"ID290","B",2574.85056966316,412.254359331914,5161.62208806673
"ID291","B",2640.05028979763,406.2110158023,5277.53207228286
"ID292","A",2565.68454972035,401.155367680732,5681.61466932076
"ID293","B",2897.31943411229,392.961862905954,5805.88386229551
"ID294","C",3224.01254897948,421.569122825156,-2833.42836888956
"ID295","B",2475.07171679433,392.629206257959,4958.42897440978
"ID296","B",3272.77523625391,421.087208237184,6536.31561384062
"ID297","A",2886.55318159381,408.239435983628,6620.39663332921
"ID298","A",2446.5162614968,395.18422222629,5365.83906247109
"ID299","B",2675.56093764346,393.798095912375,5344.1263769112
"ID300","A",2099.83749240759,428.729488263476,4148.37839567486
"ID301","A",2361.92830550584,400.950647584636,5065.04873252076
"ID302","C",2164.35518880396,399.042905210531,-1757.27151857157
"ID303","C",2745.23567516262,389.087675949071,-2372.08778025131
"ID304","C",2671.7989293464,383.186006374254,-2298.69165458144
"ID305","A",3271.99625186387,394.634637948297,7827.91810314419
"ID306","C",2774.32543778273,410.271409699594,-2331.70451376027
"ID307","A",2439.27631278547,389.363666607823,5384.74509089398
"ID308","A",2252.62425612635,366.276091557222,4906.78494825249
"ID309","C",1940.9724973743,398.969678752927,-1538.48494904669
"ID310","B",2261.40157590289,394.63353705181,4523.74096908421
"ID311","A",2549.15234525154,397.1600765836,5647.94585097643
"ID312","B",3087.87369918305,395.064356979382,6180.73258150476
"ID313","C",2885.75166789514,404.643797634105,-2478.46193189111
"ID314","B",1992.22194835619,407.992258820422,3978.79801716896
"ID315","C",2333.91768534275,376.076315162663,-1957.59229141383
"ID316","A",2456.87052702228,420.686192784391,5282.66023667523
"ID317","A",2248.68031060028,391.2877276256,4813.36429138183
"ID318","B",2258.67847392374,416.54445849018,4511.52596070595
"ID319","C",2420.76881870706,418.810061219452,-1998.14290938486
"ID320","C",2357.60605606297,370.735762707023,-1988.83999182264
"ID321","A",2341.16563165116,381.555612168651,5113.93779133187
"ID322","C",2234.41063064648,426.835980924395,-1822.97661610062
"ID323","A",2300.48079479163,374.061826685386,5052.72163542752
"ID324","A",2116.02613246016,381.654696782275,4434.95550638086
"ID325","C",2628.518680477,401.04728043922,-2226.62359970582
"ID326","B",1692.26636438612,411.764569000695,3389.25827086801
"ID327","C",2204.21899998492,400.519765256417,-1804.25421761603
"ID328","A",2938.24410976525,418.770114606542,6728.1689231559
"ID329","C",2365.23278071088,375.360045180169,-1976.61088050484
"ID330","B",2707.79808013452,392.679440100159,5433.6219137139
"ID331","B",2307.27231426998,385.410575247731,4596.22476053371
"ID332","B",2717.08891743373,415.127809485408,5429.28726442327
"ID333","A",2337.58199982436,420.705139474311,4909.55748434875
"ID334","B",3011.8373369189,400.759922545956,6019.33018340013
"ID335","A",2854.76511307074,418.446387492872,6493.06351924024
"ID336","A",2312.13955590559,367.280695319406,5083.10662495681
"ID337","B",2586.48641134301,400.006429105308,5187.6747547061
"ID338","B",2748.27800856532,386.919980099464,5500.69431280505
"ID339","B",2470.9691646563,372.761389766754,4939.94138083316
"ID340","C",2263.77650224794,387.90080340891,-1863.5004116117
"ID341","B",2509.62419102904,396.832113632715,5032.6005707005
"ID342","A",2189.0441534585,374.684436961903,4687.57260031867
"ID343","B",1824.02754693638,401.666901429685,3661.34030059055
"ID344","A",2609.07724111909,412.913860233585,5769.03185368435
"ID345","A",2601.82550282952,407.963540766468,5764.28305325487
"ID346","B",2502.88003811624,412.841390524409,5010.6520640967
"ID347","C",2847.05781066692,398.299306138276,-2466.67973366733
"ID348","C",3063.39594805183,389.522345172404,-2655.90858001195
"ID349","C",2969.94672744857,396.445860299903,-2575.23400908614
"ID350","B",2688.70805873371,413.180702340497,5387.48849358458
"ID351","C",2620.06686598706,415.860640020341,-2188.41123161844
"ID352","A",3131.74073153986,402.770493856433,7369.68960210297
"ID353","C",2320.30193177918,400.101449293534,-1931.55962930912
"ID354","C",2575.16574707812,410.802509992089,-2166.29935255413
"ID355","B",2391.30593141266,394.74884703211,4775.63535455577
"ID356","C",2663.55884976749,408.319160822727,-2280.82279095885
"ID357","C",2441.42236151807,403.768366947276,-2024.52617203405
"ID358","C",2156.52652396418,387.727213856235,-1752.14312805506
"ID359","A",2532.53960290781,389.122518930024,5661.57679183803
"ID360","C",2569.40312758061,420.538358675017,-2146.24320833323
"ID361","B",1927.20797858807,400.295768147469,3863.99492608514
"ID362","B",2318.48610602447,369.25219691927,4632.36211439875
"ID363","B",3012.12329327909,431.527186482398,6014.65007254439
"ID364","C",2210.92926983842,401.458289242854,-1806.48060385142
"ID365","A",2629.45731201967,415.616383405481,5832.7027868855
"ID366","A",2529.17757345456,398.621881302686,5604.46655089023
"ID367","C",2821.08832247666,390.816338430139,-2421.12687103686
"ID368","B",2580.65852638263,403.596010245894,5155.30612837959
"ID369","C",2696.83655278671,409.340576230245,-2296.89979201067
"ID370","B",2467.93650909799,421.956002467136,4947.005375213
"ID371","C",2488.5451588376,424.293096240934,-2044.36959570813
"ID372","C",2123.78957701637,368.909333011436,-1770.01159644878
"ID373","B",2144.12148716742,400.928905469736,4274.45889480948
"ID374","C",2430.65997399929,376.89699433314,-2053.2184429756
"ID375","B",2733.5867831282,389.951045392664,5456.46163593353
"ID376","A",2428.07430526145,385.876890649831,5368.15737749982
"ID377","C",2034.76913884391,403.348787246977,-1621.48254679779
"ID378","C",2639.92816417298,394.991661217289,-2260.04449827912
"ID379","C",3065.25342481156,414.454369733199,-2622.12082358542
"ID380","A",2193.57948900919,386.941983923869,4625.32092711496
"ID381","B",2557.02382135864,417.901584713928,5091.19595398896
"ID382","C",2484.53959808654,384.442984566359,-2123.87073712091
"ID383","C",2652.98225583602,409.709390957296,-2225.90801108377
"ID384","B",2293.80695925748,414.140320451321,4604.98955892469
"ID385","B",2419.61090130656,387.054819155231,4835.16357037393
"ID386","B",2994.68281649711,395.980443831655,5977.35664233707
"ID387","B",2796.83778490983,369.842933192016,5596.69051009855
"ID388","B",2808.41927490034,375.053830220588,5600.32896503993
"ID389","C",2762.91712298338,395.506198455284,-2373.32898995886
"ID390","B",2494.05028682188,423.950608864689,4987.60621444408
"ID391","B",2123.15840127291,383.898990256022,4247.50768926079
"ID392","A",1948.22936597211,409.345839287571,3784.63018595005
"ID393","A",2028.71679776524,394.614861330449,4128.26487175415
"ID394","B",2258.98030632859,388.775837216906,4505.006523568
"ID395","B",2586.31920511991,408.776572539867,5174.35744852079
"ID396","A",2547.73001360488,408.423609967236,5603.93051220018
"ID397","B",2461.29749090318,409.300935004112,4925.24481683094
"ID398","A",2773.4825768512,400.206378454573,6324.37414312269
"ID399","A",3174.97207546913,398.970580366456,7553.20484581499
"ID400","C",2473.28501113822,385.167472249644,-2069.95026447634
"ID401","B",2947.80550372283,381.812216211234,5891.48886229789
"ID402","C",2018.8250736372,394.394116971679,-1615.68317464916
"ID403","C",3222.94417732906,387.947106867911,-2847.86995180194
"ID404","B",2555.6592716935,394.486004262203,5103.34988082974
"ID405","B",2606.27424417728,406.68800141351,5206.57772457659
"ID406","A",2296.80112629317,399.497272261186,4883.89160664869
"ID407","C",2649.25033669024,391.237380745252,-2258.57284656208
"ID408","A",3000.94844656423,400.199826502234,6986.28605191985
"ID409","C",2951.74725216363,400.240601590885,-2539.18195387088
"ID410","A",2645.78426609295,414.109288105636,5883.9982060944
"ID411","A",2852.1850463557,419.380361396091,6447.54932002328
"ID412","C",1818.17490976856,394.371559301701,-1437.93676771254
"ID413","A",2325.67417240246,417.110736024117,4899.62769302547
"ID414","A",2685.29888235853,419.449092193624,5947.11252930798
"ID415","C",2144.78192503927,378.185689720486,-1769.72030657515
"ID416","C",2791.42524353402,378.982691724179,-2426.917054946
"ID417","A",1759.54359555541,393.897807193709,3304.56501962546
"ID418","A",2389.95456456195,388.786920420037,5224.12082224735
"ID419","A",2533.7739482263,392.386165277619,5643.44638971871
"ID420","A",2116.37905708425,406.951810793384,4317.29456016817
"ID421","B",2349.11228648256,382.188042860463,4694.67416195534
"ID422","C",2438.34860475516,395.441661642405,-2042.22581678575
"ID423","B",2453.34053043534,385.491338375722,4896.30182872546
"ID424","C",2235.10383316148,385.646404405584,-1856.43751244759
"ID425","C",2273.2806002682,408.242641984672,-1879.47207344891
"ID426","A",1954.8736053532,394.881167094667,3890.91738368049
"ID427","C",2293.80719200673,390.102365288461,-1914.8897311464
"ID428","C",2743.20135599768,405.90530060804,-2332.16816604561
"ID429","B",2465.8582766529,408.956615262956,4934.11472915616
"ID430","A",2399.02505635733,372.088794674307,5343.74915650934
"ID431","B",2283.36169980527,415.28650097952,4531.53471112785
"ID432","C",2452.25118157973,394.404698460749,-2059.90181340346
"ID433","C",2358.79581414759,419.421114480548,-1930.04067995933
"ID434","C",2692.30223866249,404.605285469431,-2289.36119282768
"ID435","A",3162.37522895353,370.259167793915,7631.92551501175
"ID436","A",2767.04226954955,372.705248233099,6426.416721239
"ID437","B",2552.18326840911,368.280487774777,5121.7911115467
"ID438","A",2672.44364293114,401.352368494585,6005.34314854757
"ID439","C",2401.59130915449,406.528535018157,-2001.57871322709
"ID440","A",2182.58623354955,405.045084442586,4526.72713444761
"ID441","B",2406.32705728457,394.079297349826,4804.13729169992
"ID442","B",2270.61330061557,408.369492130136,4535.13756857486
"ID443","A",2846.15782806249,365.625042032187,6699.50732799031
"ID444","C",2543.12475645071,406.420761450644,-2130.63274969777
"ID445","C",2232.01071972856,388.340533444802,-1856.43559387833
"ID446","B",2203.7596620622,401.880206120078,4412.18101942212
"ID447","B",2853.48695456877,413.220435419706,5700.03465501413
"ID448","C",2386.06541812308,402.500669683494,-1997.09145929483
"ID449","A",2613.19902776312,415.897163097301,5744.12089328222
"ID450","C",1972.21079129828,421.871604249805,-1562.67525224115
"ID451","C",2778.91391923945,406.453126049221,-2361.47077849942
"ID452","B",2468.20255725872,399.133987623585,4935.79522874015
"ID453","B",3341.75658916509,394.363398022821,6683.27395544971
"ID454","C",1862.76400748467,409.596181298611,-1471.9994197008
"ID455","A",2482.19335399948,411.187230027484,5389.69069365298
"ID456","A",2312.40789392869,408.410079221185,4906.15784482879
"ID457","A",1999.70465862358,394.019126970152,4044.36358367955
"ID458","B",2458.69777521386,415.396958494846,4916.29125488709
"ID459","A",1991.57299365236,383.94929130968,4075.42765263898
"ID460","A",2117.63106739273,417.78143937086,4276.9623362662
"ID461","B",2973.1411250049,411.85506837572,5940.47181980841
"ID462","A",2851.66199690397,403.636701691835,6544.98702910471
"ID463","C",2748.00034784062,427.390879214872,-2323.53436100928
"ID464","A",2795.46293881928,388.514299008771,6442.86668320821
"ID465","C",2740.43401254379,411.149297789925,-2326.423621931
"ID466","C",2715.67298144758,410.546912998765,-2288.86644085805
"ID467","A",2474.96607177555,421.387041201313,5333.53765044974
"ID468","A",2327.39111456838,407.817556072357,4932.84526800948
"ID469","B",2441.09488182409,409.977067426884,4889.53412985862
"ID470","C",2295.92163143662,400.4519117296,-1883.38896450901
"ID471","A",2380.63335139644,405.661506999104,5117.02735585011
"ID472","B",2285.5218530065,411.886625655049,4563.76179666755
"ID473","A",2263.34040063167,405.045342604046,4787.26957460405
"ID474","B",2573.21472527575,431.433661313991,5150.73006502848
"ID475","A",2421.35357198608,420.022859621308,5168.90451886895
"ID476","B",2338.04414469704,387.342482258336,4671.80347174322
"ID477","C",2468.15541902759,390.954887426257,-2075.9081618677
"ID478","C",2501.25434313923,426.59120907128,-2095.4940069502
"ID479","B",2519.96713311755,400.279966738549,5051.11352470269
"ID480","C",2257.39915259919,397.362482350944,-1863.43320263435
"ID481","B",2813.80368834261,413.477610085949,5619.70729658067
"ID482","B",2352.05317911273,391.369413994871,4717.82957751078
"ID483","A",3065.57467212335,360.861883845981,7404.73130622022
"ID484","B",2471.18587254655,389.519431272336,4953.2510586367
"ID485","B",2488.71569124494,421.027611851269,4978.09313650098
"ID486","B",2661.38829202357,391.891329365226,5323.7615160819
"ID487","A",2893.59393476151,385.72507554129,6738.5263250985
"ID488","B",2353.83060970755,392.158994542266,4726.24835319941
"ID489","C",2641.52966755662,400.079920189256,-2243.06298095654
"ID490","C",2820.95425307728,410.220581868304,-2418.94876082684
"ID491","A",2464.18128245503,391.842250056998,5445.5377459684
"ID492","C",3049.16113489579,412.947704094556,-2651.88867207233
"ID493","C",2471.1861542717,398.74457532105,-2083.12851661014
"ID494","B",2672.17197229107,417.266400068274,5346.93008151007
"ID495","B",2156.51673488014,401.071655741969,4312.46273727679
"ID496","C",2758.86073999926,390.737289379942,-2371.90476461025
"ID497","A",2149.5132310313,383.265713629001,4518.39881195371
"ID498","C",2377.29171725558,408.378927505736,-1986.56355516973
"ID499","A",2975.36623243635,391.31465762055,6976.67949603183
"ID500","B",2687.26275932981,401.394450287448,5360.75439473529
"ID501","C",2734.2440867212,374.804952513251,-2357.17051674524
"ID502","A",2884.85057201244,359.570945312694,6859.79921725087
"ID503","B",2806.14773188506,403.068013887063,5616.50853186314
"ID504","B",2027.28905847071,391.943739860709,4050.20647117928
"ID505","B",2647.07029253768,360.078113713973,5319.8162044416
"ID506","A",2284.82153496134,384.690546159408,4930.2741103501
"ID507","A",2328.52526635887,370.655936795488,5135.9181661601
"ID508","B",2332.15523994675,389.471025503169,4649.4839481734
"ID509","A",2619.64990096135,409.870876978284,5772.2372752161
"ID510","A",2586.88017021352,402.916293412465,5751.63750390133
"ID511","A",2323.55459731237,416.808333251816,4889.26991594056
"ID512","A",2446.28185199132,388.076339227189,5381.12509273648
"ID513","C",2163.42843561629,373.467110189827,-1794.07727548233
"ID514","B",2436.02764937801,412.640018894762,4885.45048111666
"ID515","C",2401.04203089618,395.247068581025,-1990.78906750645
"ID516","A",2778.95415072097,386.804814698505,6386.06633069777
"ID517","B",2240.45562498851,404.72844256248,4478.78517237367
"ID518","B",2344.0338697614,393.448547442304,4687.91463698734
"ID519","C",2418.26422265689,409.458037956742,-2005.87859672448
"ID520","B",2198.16093021726,437.440860803788,4411.04227528056
"ID521","A",2566.42103878199,420.278714040943,5611.43907754095
"ID522","A",2577.64947222668,410.133054922215,5659.59924055351
"ID523","B",2654.95984064284,385.91957788561,5299.53182830389
"ID524","C",1944.57182389032,405.709272420835,-1530.45266970993
"ID525","B",2428.30823993902,408.492662608393,4856.81128636375
"ID526","B",2237.58984363046,392.275516215859,4480.71994946005
"ID527","A",2754.74240838691,423.106463965007,6154.95266338925
"ID528","B",2505.37022351334,398.721209237105,5021.92404383142
"ID529","B",1926.18316331986,412.977768326054,3848.32254483298
"ID530","C",2539.48775690856,401.248387247943,-2152.79542436537
"ID531","B",2906.79453725805,409.638560804627,5800.69214256842
"ID532","A",2664.78338604736,389.986491751852,6034.55459218319
"ID533","B",2521.55432042287,389.515937158613,5044.19826883752
"ID534","B",2617.55495966161,414.571280061629,5220.13358406552
"ID535","C",2519.97106095169,391.094098598384,-2135.66763874554
"ID536","C",2528.7606737174,401.270788601165,-2124.26812438789
"ID537","C",2142.30753029709,386.101508019187,-1778.7040178052
"ID538","A",2378.734965108,383.120700393147,5220.79843123048
"ID539","B",2579.11789013786,389.50884040058,5160.10740885926
"ID540","A",2357.96946373899,374.362091957381,5213.40407897598
"ID541","C",3097.89670146019,392.949208338029,-2716.69640593783
"ID542","B",2396.99432504709,392.438967379818,4801.02200546489
"ID543","C",2833.52057582731,405.255633152473,-2414.66951892676
"ID544","B",2268.27178677771,379.609705360091,4523.74237754377
"ID545","B",2775.5572069351,418.122596685442,5540.77212078847
"ID546","B",2134.26670465432,395.225777655405,4265.0496660073
"ID547","B",2558.95533993235,370.864957484722,5109.84519718662
"ID548","C",2439.46143620653,386.170207290472,-2059.38139116937
"ID549","C",2051.76533550509,395.840405970667,-1645.97634149954
"ID550","C",1939.0304253288,385.603776218877,-1534.80844675401
"ID551","C",2468.20766718748,392.732832694687,-2083.60349846173
"ID552","B",2942.71242074258,393.446609398835,5881.82361854767
"ID553","C",2550.8094494982,378.511539875795,-2178.10455678215
"ID554","B",2612.51600114655,402.458363450444,5210.09444308332
"ID555","A",2423.68557420527,399.714174087852,5259.08468298186
"ID556","C",2549.4214058202,403.72898730957,-2152.80759845928
"ID557","A",2353.10301862896,405.849407936703,5027.61758845678
"ID558","C",3120.75942059633,407.52375265014,-2701.08621619496
"ID559","B",2710.04711451287,409.553253277232,5410.25277662594
"ID560","C",2411.9379033195,395.983439340775,-2035.66577850402
"ID561","C",2474.76257996996,390.940940104347,-2111.44230582926
"ID562","B",2804.84718844288,396.768820113757,5608.27853244933
"ID563","B",2724.50308373623,360.768414433409,5461.97623237914
"ID564","A",2013.82875961634,404.237075619092,4007.95896482681
"ID565","B",1952.85582531492,402.819523476943,3897.42103329524
"ID566","B",2502.79920113923,398.511821237249,5009.99443125361
"ID567","C",2369.87245823921,398.195609889034,-1975.40753143765
"ID568","A",2079.21789783232,369.173823922469,4400.41573698005
"ID569","A",2417.1309755494,417.449348902964,5155.912317575
"ID570","C",2560.49142368208,404.447289808372,-2164.78158222123
"ID571","B",2878.73011099535,419.329370813649,5748.1709011225
"ID572","A",2100.02759879171,392.612034109528,4335.53210770731
"ID573","B",1992.32823037645,407.539587887064,3989.44542548216
"ID574","B",2741.14156024934,390.133596838464,5487.53525090061
"ID575","A",2354.93775108115,405.781749625777,5041.93529974208
"ID576","C",2748.92971990749,401.85069859992,-2364.94931878347
"ID577","A",2687.32907521173,396.789676966826,6077.96439285523
"ID578","C",2337.15105678047,404.056184058388,-1919.88516835143
"ID579","C",2452.99107428015,429.729287608868,-2014.91387823159
"ID580","C",2279.08100239689,422.18712442176,-1857.03858389887
"ID581","A",2654.9394186831,386.230148387375,6025.05630421856
"ID582","A",2383.38576397519,388.248658186712,5196.23204416729
"ID583","B",2782.15300979069,390.150241496138,5542.89703422031
"ID584","C",2759.83881776797,374.42763289455,-2389.82629147882
"ID585","A",2164.9223534762,391.41360802866,4538.781900542
"ID586","A",2714.38074394239,408.52859554926,6096.50826431089
"ID587","B",2304.71036263136,411.549186012831,4581.43830330101
"ID588","A",2665.70666146148,396.212796939613,6012.32557903142
"ID589","B",2511.10746525765,411.16424708252,5017.07049717147
"ID590","C",2688.45185458002,391.583495374822,-2312.08825383433
"ID591","B",2704.63900457408,433.866687927775,5422.08440266208
"ID592","A",1860.90452729941,415.92270573163,3516.95462564351
"ID593","B",2155.76472724369,389.130810907401,4318.37075803636
"ID594","B",2100.15585087524,390.490013013925,4209.34705493739
"ID595","B",2240.41172734969,413.977208679309,4472.36839734974
"ID596","A",2424.49563850849,413.104720856523,5205.39121296244
"ID597","A",2696.73139769631,403.121989898802,6085.17672574388
"ID598","A",2329.42418597335,381.813424692727,5079.13510924003
"ID599","C",2947.80418989967,390.9822126881,-2534.85032865825
"ID600","B",2410.42500179382,384.068379741385,4822.80969991093
"ID601","C",2107.64864226913,436.171322803623,-1671.65605513886
"ID602","A",2301.03310816237,400.868194942091,4905.92042325255
"ID603","C",2281.25242545225,411.523697594719,-1854.64799664918
"ID604","B",2808.64769002616,412.661342155505,5625.13589663092
"ID605","A",2649.5551142012,398.845167328035,5950.14741069089
"ID606","B",2452.4830167532,410.654271432195,4903.01527758787
"ID607","B",2510.04736744777,406.55272810489,5020.68753692779
"ID608","A",2498.82772081399,410.708143573076,5459.00726057014
"ID609","B",1939.35806807221,425.604494249062,3876.76440463607
"ID610","B",2176.873727229,375.196524941918,4350.83791651526
"ID611","B",2282.128531691,377.983990427072,4574.95027546334
"ID612","A",2094.19328959655,408.398107162664,4239.25890216284
"ID613","B",1996.89627667098,403.50956273476,3987.58623992856
"ID614","A",2314.17492107333,412.26939675257,4888.71831398053
"ID615","B",2233.88010818564,397.950549009575,4472.50732203501
"ID616","C",3153.10792151487,416.507488504712,-2739.29180972136
"ID617","B",2492.35358546515,399.727942823016,4990.05975448978
"ID618","A",2214.99374323427,394.975620332499,4685.71277623258
"ID619","A",2853.46932357507,422.298803710705,6436.70901737297
"ID620","A",2677.95825123668,410.93099223691,5983.27125089188
"ID621","A",2393.20966122752,392.948209115337,5222.50734971848
"ID622","B",2479.31556072931,375.403061934325,4926.89459003423
"ID623","C",2461.95278567426,386.282538481962,-2064.42415877721
"ID624","C",2324.59701061051,369.414871892953,-1966.94492595552
"ID625","A",2768.92044147426,400.495289349379,6295.61670782555
"ID626","B",2584.52832600628,398.636001973529,5184.39734761676
"ID627","B",2462.69220998621,407.770674898881,4900.03323575841
"ID628","B",2295.6083912038,397.194230945211,4598.25675557754
"ID629","C",2324.46298044911,399.525846999696,-1939.82507423408
"ID630","C",2903.38722304124,396.955529944559,-2506.544796965
"ID631","B",3029.9728573047,390.864554818727,6080.91761983513
"ID632","B",2337.43784860474,383.563065939652,4675.45431677937
"ID633","C",2819.29133164968,416.666057165158,-2406.86100296611
"ID634","B",2817.57165912273,423.345937817799,5618.20882957107
"ID635","A",2408.5881751144,379.168237464761,5355.4642113474
"ID636","C",2647.60656683155,409.774319146115,-2240.12770975823
"ID637","A",1924.53220682832,390.207301443923,3819.21302870013
"ID638","A",2776.82474165211,408.717429161881,6307.53700821639
"ID639","A",1844.67356213325,419.665694579738,3412.55783951382
"ID640","A",2384.62231505505,381.790825263824,5229.40558275018
"ID641","A",2831.79066688997,381.494645966444,6578.73719285293
"ID642","A",2567.18762068627,404.083543353074,5684.01258390194
"ID643","C",2829.18148863178,415.632283976332,-2421.21388558304
"ID644","C",2378.46075476197,394.627206407067,-1987.02830752396
"ID645","A",2197.5960714462,413.522633181848,4535.11448322492
"ID646","A",2288.87866535738,372.473033024931,4984.15127583474
"ID647","A",2749.81731017326,373.793641799352,6374.90700234107
"ID648","B",3159.3792475946,377.934095123197,6305.36719926649
"ID649","A",2327.01792404661,413.075853122829,4894.89205822982
"ID650","C",2831.47085478977,429.863017491924,-2405.48041778988
"ID651","C",2743.34176293545,402.306822137518,-2346.2071601901
"ID652","A",2489.15683867187,400.67608123541,5465.59515690963
"ID653","C",2486.29998909868,425.687155787043,-2050.57599380817
"ID654","C",2731.74040127893,402.521659083522,-2347.84266299178
"ID655","C",2070.0986013465,394.73686058975,-1665.84774281855
"ID656","A",2995.43663014485,385.82996935019,7031.52790501314
"ID657","A",2411.00799705165,367.794013736694,5383.18459635268
"ID658","C",1934.92929548652,412.032269986691,-1531.40422819276
"ID659","C",2386.63505847655,422.256534047921,-1975.83553608895
"ID660","B",2430.53947684105,389.586306126339,4869.38801498334
"ID661","C",2397.18585253673,387.066656019537,-2006.07382614547
"ID662","C",2060.21148851293,389.28881795478,-1674.14547585093
"ID663","C",1925.45203815656,428.687965593026,-1490.00713686942
"ID664","B",2787.00273558505,396.39144391421,5571.60779255617
"ID665","B",2727.30530022392,380.138960597533,5472.61672500134
"ID666","B",2851.43987131295,418.848008479653,5706.91423927009
"ID667","C",2591.30552250221,386.487080867097,-2216.58468676504
"ID668","B",2597.96182699567,401.279702257073,5187.72914202449
"ID669","A",2182.58374480722,406.272027637046,4519.13360937801
"ID670","C",2555.22944507253,408.09548772564,-2128.59498576492
"ID671","A",2696.48936705576,406.810216828232,6054.18966767627
"ID672","B",2842.58106064961,402.758751502962,5708.89872112298
"ID673","C",2751.16650576298,386.832121268243,-2364.09858985925
"ID674","A",2458.67065081561,401.26518582649,5364.91094701328
"ID675","A",2754.79231838164,381.393365801678,6354.13299713732
"ID676","B",2547.66103236753,405.134506726101,5078.27787461405
"ID677","A",2957.33389302446,382.958751229249,6956.75244220153
"ID678","A",3127.74988120603,384.70017428025,7448.47791398602
"ID679","C",2760.1931810111,391.36810927688,-2362.71349727955
"ID680","C",2259.09242746243,398.63693963758,-1854.40001917222
"ID681","A",2139.87253632196,399.711332476987,4425.6507304944
"ID682","A",2406.63851798907,377.413554460545,5312.93845029296
"ID683","A",2358.98607040153,391.23085392395,5136.89575630991
"ID684","B",2283.42846504987,373.61275425979,4579.31986337524
"ID685","A",2042.98654108586,420.866942020144,4021.88650591671
"ID686","C",2786.89097206385,408.168252938745,-2373.64038542953
"ID687","B",2290.52008836343,428.077701704086,4582.18966483687
"ID688","B",2353.06708411591,413.122078717992,4688.60982617785
"ID689","B",2525.58966616916,406.448674006538,5035.55134768828
"ID690","C",2911.42319214676,381.341585756837,-2549.12905786041
"ID691","A",2176.87881118611,403.640930626448,4506.3129361943
"ID692","B",2628.09711169548,398.884448056313,5256.04774300864
"ID693","C",2834.19332372491,395.070269175197,-2432.13666676912
"ID694","A",2399.59479381558,395.690997875353,5216.34884588641
"ID695","B",2389.438002407,397.229310619948,4793.80672618424
"ID696","A",2166.12683877079,374.326274556649,4636.79712324051
"ID697","C",2677.77791335506,394.125686960248,-2273.99446807985
"ID698","C",2878.07911846167,416.934914820135,-2444.14157268725
"ID699","B",2592.12282619875,378.951978913304,5197.83452365083
"ID700","C",2367.91836626328,390.458377243026,-1966.10245699816
"ID701","C",2889.43616445206,395.432685947035,-2490.69281907509
"ID702","A",2412.3627748617,406.444996630235,5208.37539140243
"ID703","B",2783.21275269164,397.378867799119,5573.70673376095
"ID704","B",1906.63280980156,408.700383391663,3794.90640451222
"ID705","B",2178.35155552284,376.262710132057,4369.63967965814
"ID706","C",1871.16822040717,420.422154447782,-1446.69565981021
"ID707","A",2295.89800239615,404.149431695595,4852.51877831
"ID708","A",2074.63036233986,431.498313565502,4044.89122886431
"ID709","B",2938.96480774833,384.908810345351,5890.5236923161
"ID710","C",2530.77533699313,423.932373645538,-2112.3470619176
"ID711","A",2625.84959474462,386.73287660891,5953.01905790128
"ID712","C",3132.18288090839,406.107856355661,-2728.2283345733
"ID713","B",2610.02692273297,408.32704273443,5223.81116394421
"ID714","B",2528.20212922452,397.847520194754,5059.75215564516
"ID715","A",2782.43515595119,402.370393136789,6343.01164754531
"ID716","B",2113.81305627588,402.82286874807,4223.67144570578
"ID717","B",2502.52979331736,400.861852445489,4995.26143349557
"ID718","B",2749.01574395546,409.706408144902,5491.13378458111
"ID719","A",2944.24560590717,417.303926221004,6748.33033758286
"ID720","B",2308.84104922366,401.673816619122,4610.13194971773
"ID721","B",2456.16607500543,377.590444983571,4916.38462167231
"ID722","B",2541.09948650903,392.375990245161,5081.48796262754
"ID723","B",2039.37091409227,408.901365800514,4098.05184036444
"ID724","C",2073.92110097947,392.427423205849,-1680.35248672327
"ID725","C",2569.8058281979,397.173077580492,-2152.24034997129
"ID726","C",2260.24451712092,410.398659731935,-1860.52299762149
"ID727","C",2176.38199615779,416.187391642246,-1760.88541855944
"ID728","B",2535.41404147049,380.310652030513,5069.06857032486
"ID729","B",2859.64412243939,410.070244150549,5719.13840880106
"ID730","A",2635.89994102799,365.378739883919,6079.49877431959
"ID731","B",2777.34975408467,363.878125807653,5543.26511950793
"ID732","C",2643.30798508062,406.890476868568,-2226.64873517799
"ID733","A",2437.52849750786,417.01109214608,5235.14246432045
"ID734","B",2740.17579799883,410.879170443865,5480.2756429646
"ID735","C",2376.21835873667,413.718081338173,-1979.04892009499
"ID736","A",2681.71294867459,375.799900349663,6159.88186925368
"ID737","C",2389.83216541228,405.460206233462,-1966.02867552273
"ID738","B",2678.78189834155,409.281422313664,5369.0235131763
"ID739","A",2559.54762269129,404.050664614043,5656.23980194654
"ID740","C",2467.96098164927,384.81162787087,-2087.27911337118
"ID741","B",2706.91093801637,394.854079857175,5416.93863643672
"ID742","C",2496.80907777356,396.251370471616,-2102.29577876957
"ID743","C",2168.02523812579,406.732103257372,-1751.7484791336
"ID744","A",2369.59974843566,419.004210391169,5010.14739378504
"ID745","A",3129.64775236201,386.425817420129,7455.89585356411
"ID746","C",2720.36186159999,383.185784368774,-2324.25259664709
"ID747","B",2010.71359789903,429.417253012911,4017.59189825239
"ID748","C",2760.43856898452,399.980745991339,-2366.96928814472
"ID749","C",2914.91333235103,361.683362848733,-2559.02844018401
"ID750","B",2547.6951060635,382.383477328662,5085.18488704511
"ID751","A",2308.37091175781,419.121139733848,4812.48282357372
"ID752","C",2885.60734304803,401.173678862031,-2506.61401068119
"ID753","C",3170.02046213611,417.988254640872,-2756.80248881576
"ID754","C",2811.78587216678,397.792217834655,-2410.1138448736
"ID755","C",2280.63525816969,400.073222032703,-1892.29708179056
"ID756","A",2657.19829311356,415.678839355813,5911.53804426837
"ID757","C",2613.18436254448,401.809829180045,-2225.40611334167
"ID758","B",2978.45298272853,386.828406374993,5955.86313712806
"ID759","A",2272.44179758553,385.871374807743,4895.80880550462
"ID760","A",2397.35170414615,391.501026475536,5239.19242230901
"ID761","C",2376.54706512034,400.235453524157,-1972.8773423199
"ID762","C",2840.85897046606,404.300907536074,-2439.03900492508
"ID763","C",2621.41162343348,383.096095446049,-2245.54070029419
"ID764","B",2726.16816401726,404.520851620151,5434.79308125065
"ID765","C",2883.66486215233,389.694308022187,-2503.90642101715
"ID766","A",2139.42252788746,411.396516061436,4341.59398458508
"ID767","A",2368.8635615708,391.074126427706,5163.63964715907
"ID768","C",1772.80915146252,396.535188173499,-1368.27213902772
"ID769","A",2897.51426254778,385.305524030992,6781.63582932627
"ID770","B",2572.67825144015,435.384465740311,5146.28658685012
"ID771","B",2664.33580464824,409.77012614659,5345.29462856905
"ID772","B",2609.9716798922,421.013021045507,5233.46298711017
"ID773","A",2108.44211178717,379.74785092222,4426.88642418434
"ID774","C",2585.70765724025,408.482883092074,-2182.34826742956
"ID775","C",2769.21679675412,408.522795630965,-2348.46573366212
"ID776","C",2608.87117185209,424.021832952573,-2194.42026349238
"ID777","B",3305.5403729692,393.838676456821,6599.57961703494
"ID778","A",2624.91513272837,402.868026008622,5853.2917648495
"ID779","B",2456.42486275691,389.707629754424,4915.80779749425
"ID780","A",1909.88192644595,392.576229819874,3774.55464479458
"ID781","C",3182.33990978112,397.486458031806,-2773.74911341923
"ID782","B",2501.84118302856,399.91397020404,5011.78957873132
"ID783","A",2228.9509881297,392.753338556551,4727.30651752392
"ID784","C",2336.34056302752,405.029441803682,-1910.02654781252
"ID785","B",2925.51827690604,385.355822711299,5865.78566423934
"ID786","A",2691.87222455233,387.455745560381,6133.37605623308
"ID787","B",2857.06262199212,406.828902636421,5693.52358000894
"ID788","C",2399.50107427963,401.160956306241,-1987.73892223958
"ID789","A",3032.64995080194,408.872002512077,7056.68945322326
"ID790","A",2884.90477459134,404.709067372248,6634.33002082493
"ID791","C",2321.43394462172,409.689930241517,-1921.97097934029
"ID792","C",2619.04778686723,375.384472505916,-2260.28603127036
"ID793","B",2373.77412859685,422.166261040349,4732.56773510019
"ID794","C",2933.41712884194,405.120686647994,-2525.84898859307
"ID795","A",2501.70228657146,401.074779612106,5497.82530097515
"ID796","B",2310.71929503537,420.201732237779,4611.09620618534
"ID797","A",2268.4998805591,387.568527327188,4872.7546539012
"ID798","A",2726.99693903425,375.140664941088,6295.13407846061
"ID799","B",2737.92788861388,415.12817081,5447.84535915006
"ID800","B",2524.52202057217,383.21914846647,5049.12233440455
